<?xml version="1.0" ?>
<autodock_gpu>
	<version>v1.5-release</version>
	<arguments>--ffile ./AutoDock-GPU-develop/input/1stp/derived/1stp_protein.maps.fld --lfile ./AutoDock-GPU-develop/input/1stp/derived/1stp_ligand.pdbqt</arguments>
	<grid>./AutoDock-GPU-develop/input/1stp/derived/1stp_protein.maps.fld</grid>
	<ligand>./AutoDock-GPU-develop/input/1stp/derived/1stp_ligand.pdbqt</ligand>
	<seed>1664509028 1581</seed>
	<ls_method>ad</ls_method>
	<autostop>yes</autostop>
	<heuristics>yes</heuristics>
	<run_requested>20</run_requested>
	<runs>
		<run id="11">
			<free_NRG_binding>   -8.25</free_NRG_binding>
			<final_intermol_NRG> -9.74</final_intermol_NRG>
			<internal_ligand_NRG>-0.25</internal_ligand_NRG>
			<torsonial_free_NRG> 1.49</torsonial_free_NRG>
			<tran0>5.666734 3.743047 7.285299</tran0>
			<axisangle0>0.10433100 -0.09015191 0.99044822 9.610662</axisangle0>
			<ndihe>5</ndihe>
			<dihe0>262.574982 221.258698 72.547852 98.786362 59.253746
			</dihe0>
		</run>
		<run id="5">
			<free_NRG_binding>   -8.18</free_NRG_binding>
			<final_intermol_NRG> -9.68</final_intermol_NRG>
			<internal_ligand_NRG>-0.25</internal_ligand_NRG>
			<torsonial_free_NRG> 1.49</torsonial_free_NRG>
			<tran0>3.472903 2.991973 7.369719</tran0>
			<axisangle0>0.38324016 -0.90073025 0.20447981 25.535831</axisangle0>
			<ndihe>5</ndihe>
			<dihe0>5.676056 328.963562 266.914062 5.725861 77.668579
			</dihe0>
		</run>
		<run id="10">
			<free_NRG_binding>   -8.18</free_NRG_binding>
			<final_intermol_NRG> -9.67</final_intermol_NRG>
			<internal_ligand_NRG>-0.22</internal_ligand_NRG>
			<torsonial_free_NRG> 1.49</torsonial_free_NRG>
			<tran0>5.083281 3.561209 6.869637</tran0>
			<axisangle0>0.05129714 0.05181953 -0.99733813 0.075446</axisangle0>
			<ndihe>5</ndihe>
			<dihe0>5.674004 358.498352 8.729543 348.056641 347.949432
			</dihe0>
		</run>
		<run id="19">
			<free_NRG_binding>   -8.13</free_NRG_binding>
			<final_intermol_NRG> -9.62</final_intermol_NRG>
			<internal_ligand_NRG>-0.25</internal_ligand_NRG>
			<torsonial_free_NRG> 1.49</torsonial_free_NRG>
			<tran0>4.811935 3.301421 7.058862</tran0>
			<axisangle0>-0.70879245 -0.66253033 -0.24221233 1.161800</axisangle0>
			<ndihe>5</ndihe>
			<dihe0>253.834793 126.692421 264.652008 341.447113 15.790428
			</dihe0>
		</run>
		<run id="15">
			<free_NRG_binding>   -8.12</free_NRG_binding>
			<final_intermol_NRG> -9.61</final_intermol_NRG>
			<internal_ligand_NRG>-0.24</internal_ligand_NRG>
			<torsonial_free_NRG> 1.49</torsonial_free_NRG>
			<tran0>3.536887 3.710542 8.014439</tran0>
			<axisangle0>0.04539204 0.98091825 -0.18904748 337.720947</axisangle0>
			<ndihe>5</ndihe>
			<dihe0>301.248383 183.097275 45.525864 97.939514 88.445610
			</dihe0>
		</run>
		<run id="9">
			<free_NRG_binding>   -8.00</free_NRG_binding>
			<final_intermol_NRG> -9.49</final_intermol_NRG>
			<internal_ligand_NRG>-0.24</internal_ligand_NRG>
			<torsonial_free_NRG> 1.49</torsonial_free_NRG>
			<tran0>5.304101 3.554400 7.039038</tran0>
			<axisangle0>-0.13552568 0.07415245 -0.98799504 0.144206</axisangle0>
			<ndihe>5</ndihe>
			<dihe0>22.844360 359.419922 14.576169 330.689514 341.976166
			</dihe0>
		</run>
		<run id="20">
			<free_NRG_binding>   -7.90</free_NRG_binding>
			<final_intermol_NRG> -9.39</final_intermol_NRG>
			<internal_ligand_NRG>-0.19</internal_ligand_NRG>
			<torsonial_free_NRG> 1.49</torsonial_free_NRG>
			<tran0>5.343648 3.592985 6.705342</tran0>
			<axisangle0>-0.49232752 0.72515044 -0.48142545 10.122869</axisangle0>
			<ndihe>5</ndihe>
			<dihe0>346.884705 293.741272 351.617828 69.718315 21.659445
			</dihe0>
		</run>
		<run id="16">
			<free_NRG_binding>   -7.69</free_NRG_binding>
			<final_intermol_NRG> -9.18</final_intermol_NRG>
			<internal_ligand_NRG>-0.23</internal_ligand_NRG>
			<torsonial_free_NRG> 1.49</torsonial_free_NRG>
			<tran0>4.252062 3.705223 7.731317</tran0>
			<axisangle0>-0.01622904 -0.96419476 0.26469809 15.274514</axisangle0>
			<ndihe>5</ndihe>
			<dihe0>40.218544 281.625824 297.746002 35.933041 47.443024
			</dihe0>
		</run>
		<run id="3">
			<free_NRG_binding>   -7.61</free_NRG_binding>
			<final_intermol_NRG> -9.10</final_intermol_NRG>
			<internal_ligand_NRG>-0.26</internal_ligand_NRG>
			<torsonial_free_NRG> 1.49</torsonial_free_NRG>
			<tran0>2.811477 5.470630 8.940535</tran0>
			<axisangle0>-0.38072575 0.18103376 -0.90679363 88.206543</axisangle0>
			<ndihe>5</ndihe>
			<dihe0>26.095366 313.317169 218.452118 339.333527 231.115601
			</dihe0>
		</run>
		<run id="14">
			<free_NRG_binding>   -7.56</free_NRG_binding>
			<final_intermol_NRG> -9.05</final_intermol_NRG>
			<internal_ligand_NRG>-0.28</internal_ligand_NRG>
			<torsonial_free_NRG> 1.49</torsonial_free_NRG>
			<tran0>5.306404 5.109728 8.005860</tran0>
			<axisangle0>0.94997785 0.00234948 0.31230843 332.405914</axisangle0>
			<ndihe>5</ndihe>
			<dihe0>40.274540 348.663605 33.304081 315.618622 358.987366
			</dihe0>
		</run>
		<run id="8">
			<free_NRG_binding>   -7.54</free_NRG_binding>
			<final_intermol_NRG> -9.03</final_intermol_NRG>
			<internal_ligand_NRG>-0.24</internal_ligand_NRG>
			<torsonial_free_NRG> 1.49</torsonial_free_NRG>
			<tran0>2.193691 3.955052 7.961504</tran0>
			<axisangle0>0.15525437 -0.33351482 0.92987308 266.439362</axisangle0>
			<ndihe>5</ndihe>
			<dihe0>7.665360 309.478058 245.367615 296.675446 241.183350
			</dihe0>
		</run>
		<run id="12">
			<free_NRG_binding>   -7.54</free_NRG_binding>
			<final_intermol_NRG> -9.03</final_intermol_NRG>
			<internal_ligand_NRG>-0.23</internal_ligand_NRG>
			<torsonial_free_NRG> 1.49</torsonial_free_NRG>
			<tran0>5.105951 2.265714 2.023001</tran0>
			<axisangle0>-0.99454171 0.09706173 -0.03828596 289.333740</axisangle0>
			<ndihe>5</ndihe>
			<dihe0>258.375702 141.754700 269.343323 4.251694 285.362213
			</dihe0>
		</run>
		<run id="7">
			<free_NRG_binding>   -7.48</free_NRG_binding>
			<final_intermol_NRG> -8.97</final_intermol_NRG>
			<internal_ligand_NRG>-0.25</internal_ligand_NRG>
			<torsonial_free_NRG> 1.49</torsonial_free_NRG>
			<tran0>5.842120 2.665655 4.444712</tran0>
			<axisangle0>-0.68525068 0.60317866 -0.40817521 249.860336</axisangle0>
			<ndihe>5</ndihe>
			<dihe0>11.731114 330.404388 258.747589 330.074493 13.336281
			</dihe0>
		</run>
		<run id="1">
			<free_NRG_binding>   -7.38</free_NRG_binding>
			<final_intermol_NRG> -8.88</final_intermol_NRG>
			<internal_ligand_NRG>-0.22</internal_ligand_NRG>
			<torsonial_free_NRG> 1.49</torsonial_free_NRG>
			<tran0>6.716781 6.223458 6.641710</tran0>
			<axisangle0>0.72056156 -0.47500817 0.50513193 252.088699</axisangle0>
			<ndihe>5</ndihe>
			<dihe0>351.400635 13.807398 31.958542 29.544838 45.842564
			</dihe0>
		</run>
		<run id="4">
			<free_NRG_binding>   -7.34</free_NRG_binding>
			<final_intermol_NRG> -8.84</final_intermol_NRG>
			<internal_ligand_NRG>-0.25</internal_ligand_NRG>
			<torsonial_free_NRG> 1.49</torsonial_free_NRG>
			<tran0>2.867572 2.480278 6.840266</tran0>
			<axisangle0>0.00114841 0.00088409 -0.99999895 43.981071</axisangle0>
			<ndihe>5</ndihe>
			<dihe0>35.530586 333.825806 88.377060 10.045072 281.606659
			</dihe0>
		</run>
		<run id="17">
			<free_NRG_binding>   -7.25</free_NRG_binding>
			<final_intermol_NRG> -8.74</final_intermol_NRG>
			<internal_ligand_NRG>-0.10</internal_ligand_NRG>
			<torsonial_free_NRG> 1.49</torsonial_free_NRG>
			<tran0>5.563339 2.401759 1.562593</tran0>
			<axisangle0>0.69310427 -0.69326672 0.19745308 149.758896</axisangle0>
			<ndihe>5</ndihe>
			<dihe0>305.876770 332.477783 291.419891 244.471664 63.683559
			</dihe0>
		</run>
		<run id="6">
			<free_NRG_binding>   -6.77</free_NRG_binding>
			<final_intermol_NRG> -8.26</final_intermol_NRG>
			<internal_ligand_NRG>-0.20</internal_ligand_NRG>
			<torsonial_free_NRG> 1.49</torsonial_free_NRG>
			<tran0>2.015869 2.658600 5.910685</tran0>
			<axisangle0>-0.11537518 -0.52909119 0.84068489 244.722305</axisangle0>
			<ndihe>5</ndihe>
			<dihe0>300.017059 326.825653 343.219635 215.474991 310.656891
			</dihe0>
		</run>
		<run id="13">
			<free_NRG_binding>   -6.65</free_NRG_binding>
			<final_intermol_NRG> -8.14</final_intermol_NRG>
			<internal_ligand_NRG>-0.24</internal_ligand_NRG>
			<torsonial_free_NRG> 1.49</torsonial_free_NRG>
			<tran0>0.811094 6.211316 7.423568</tran0>
			<axisangle0>0.03462057 0.00510032 0.99938751 246.908478</axisangle0>
			<ndihe>5</ndihe>
			<dihe0>38.058689 298.767365 262.428375 299.305939 203.411682
			</dihe0>
		</run>
		<run id="18">
			<free_NRG_binding>   -6.52</free_NRG_binding>
			<final_intermol_NRG> -8.01</final_intermol_NRG>
			<internal_ligand_NRG>-0.30</internal_ligand_NRG>
			<torsonial_free_NRG> 1.49</torsonial_free_NRG>
			<tran0>6.413710 1.253838 4.543637</tran0>
			<axisangle0>0.75894431 -0.34122178 0.55459106 100.592850</axisangle0>
			<ndihe>5</ndihe>
			<dihe0>205.674225 177.332794 125.791710 356.055176 24.531326
			</dihe0>
		</run>
		<run id="2">
			<free_NRG_binding>   -5.99</free_NRG_binding>
			<final_intermol_NRG> -7.48</final_intermol_NRG>
			<internal_ligand_NRG>-0.35</internal_ligand_NRG>
			<torsonial_free_NRG> 1.49</torsonial_free_NRG>
			<tran0>2.136312 0.845553 3.808957</tran0>
			<axisangle0>0.48879578 0.56996744 -0.66046635 93.516449</axisangle0>
			<ndihe>5</ndihe>
			<dihe0>260.510132 173.162247 206.975052 81.302834 358.421875
			</dihe0>
		</run>
	</runs>
	<result>
		<clustering_histogram>
			<cluster cluster_rank="1" lowest_binding_energy="-8.25" run="11" mean_binding_energy="-7.50" num_in_clus="20" />
		</clustering_histogram>
		<rmsd_table>
			<run rank="1" sub_rank="1" run="11" binding_energy="-8.25" cluster_rmsd="0.00" reference_rmsd="0.63" />
			<run rank="1" sub_rank="2" run="5" binding_energy="-8.18" cluster_rmsd="0.51" reference_rmsd="0.47" />
			<run rank="1" sub_rank="3" run="10" binding_energy="-8.18" cluster_rmsd="0.54" reference_rmsd="0.30" />
			<run rank="1" sub_rank="4" run="19" binding_energy="-8.13" cluster_rmsd="0.45" reference_rmsd="0.52" />
			<run rank="1" sub_rank="5" run="15" binding_energy="-8.12" cluster_rmsd="0.40" reference_rmsd="0.55" />
			<run rank="1" sub_rank="6" run="9" binding_energy="-8.00" cluster_rmsd="0.56" reference_rmsd="0.40" />
			<run rank="1" sub_rank="7" run="20" binding_energy="-7.90" cluster_rmsd="0.56" reference_rmsd="0.47" />
			<run rank="1" sub_rank="8" run="16" binding_energy="-7.69" cluster_rmsd="0.69" reference_rmsd="0.64" />
			<run rank="1" sub_rank="9" run="3" binding_energy="-7.61" cluster_rmsd="0.67" reference_rmsd="0.68" />
			<run rank="1" sub_rank="10" run="14" binding_energy="-7.56" cluster_rmsd="0.60" reference_rmsd="0.54" />
			<run rank="1" sub_rank="11" run="8" binding_energy="-7.54" cluster_rmsd="0.72" reference_rmsd="0.72" />
			<run rank="1" sub_rank="12" run="12" binding_energy="-7.54" cluster_rmsd="0.57" reference_rmsd="0.63" />
			<run rank="1" sub_rank="13" run="7" binding_energy="-7.48" cluster_rmsd="0.78" reference_rmsd="0.72" />
			<run rank="1" sub_rank="14" run="1" binding_energy="-7.38" cluster_rmsd="0.66" reference_rmsd="0.54" />
			<run rank="1" sub_rank="15" run="4" binding_energy="-7.34" cluster_rmsd="0.68" reference_rmsd="0.62" />
			<run rank="1" sub_rank="16" run="17" binding_energy="-7.25" cluster_rmsd="0.74" reference_rmsd="0.80" />
			<run rank="1" sub_rank="17" run="6" binding_energy="-6.77" cluster_rmsd="1.05" reference_rmsd="1.08" />
			<run rank="1" sub_rank="18" run="13" binding_energy="-6.65" cluster_rmsd="1.17" reference_rmsd="1.18" />
			<run rank="1" sub_rank="19" run="18" binding_energy="-6.52" cluster_rmsd="1.02" reference_rmsd="1.14" />
			<run rank="1" sub_rank="20" run="2" binding_energy="-5.99" cluster_rmsd="1.16" reference_rmsd="1.29" />
		</rmsd_table>
	</result>
</autodock_gpu>
